<?xml version="1.0" encoding="UTF-8"?>
<project-private xmlns="http://www.netbeans.org/ns/project-private/1">
    <editor-bookmarks xmlns="http://www.netbeans.org/ns/editor-bookmarks/2" lastBookmarkId="0"/>
    <open-files xmlns="http://www.netbeans.org/ns/projectui-open-files/2">
        <group>
            <file>file:/C:/Users/user/Documents/NetBeansProjects/Library/library/src/java/util/DBUtil.java</file>
            <file>file:/C:/Users/user/Documents/NetBeansProjects/Library/library/web/login.jsp</file>
            <file>file:/C:/Users/user/Documents/NetBeansProjects/Library/library/web/admin-dashboard.jsp</file>
            <file>file:/C:/Users/user/Documents/NetBeansProjects/Library/library/src/java/Controller/Login.java</file>
            <file>file:/C:/Users/user/Documents/NetBeansProjects/Library/library/src/java/filter/RoleFilter.java</file>
            <file>file:/C:/Users/user/Documents/NetBeansProjects/Library/library/web/index.jsp</file>
            <file>file:/C:/Users/user/Documents/NetBeansProjects/Library/library/web/WEB-INF/web.xml</file>
            <file>file:/C:/Users/user/Documents/NetBeansProjects/Library/library/web/viewBorrowedBooks.jsp</file>
            <file>file:/C:/Users/user/Documents/NetBeansProjects/Library/library/src/java/Controller/AddBook.java</file>
            <file>file:/C:/Users/user/Documents/NetBeansProjects/Library/library/src/java/util/EmailUtil.java</file>
            <file>file:/C:/Users/user/Documents/NetBeansProjects/Library/library/src/java/Controller/EditBook.java</file>
            <file>file:/C:/Users/user/Documents/NetBeansProjects/Library/library/web/Errorpage.jsp</file>
            <file>file:/C:/Users/user/Documents/NetBeansProjects/Library/library/src/java/Controller/DeleteBook.java</file>
        </group>
    </open-files>
</project-private>
